n_muestras,%_acierto_sp500,%_acierto_fondo,%_cartera_aleatoria,%_alpha,media_alpha
1300,0.39384615384615385,0.4346153846153846,0.44384615384615383,0.37615384615384617,-0.05387576018726796
